{"lgbm": 0.36837038666431965, "xgb": 0.0033927641236553285, "catboost": 0.6282368492120249}