{
  "weights": [
    0.7359385302607216,
    0.26406146973927835
  ],
  "scores": {
    "lgbm": 0.4079979980888435,
    "xgb": 0.4733455162069772,
    "ensemble": 0.40072694556724303
  }
}