{
  "weights": [
    0.7970749534281888,
    0.20292504657181115
  ],
  "scores": {
    "lgbm": 0.40739857141875824,
    "xgb": 0.5049716100660555,
    "ensemble": 0.4006148775993716
  }
}